ชื่อวัตถุดิบ,ประเภทวัตถุดิบ
เนื้อริบอาย,เนื้อวัว
เนื้อใบพาย,เนื้อวัว
เนื้อน่องลาย,เนื้อวัว
เนื้อสักนอก,เนื้อวัว
เนื้อสะโพก,เนื้อวัว
เนื้อเสือร้องไห้,เนื้อวัว
หมูสามชั้น,เนื้อหมู
สามชั้นหมู,เนื้อหมู
สันนอกหมู,เนื้อหมู
หมูสันคอ,เนื้อหมู
หมูนุ่ม,เนื้อหมู
หมูพริกไทยดำ,เนื้อหมู
หมูหมักงา,เนื้อหมู
หมูซ่า,เนื้อหมู
หมูเด้ง,เนื้อหมู
สะโพกหมู,เนื้อหมู
เนื้อไก่,เนื้อไก่
ไก่นุ่ม,เนื้อไก่
ไก่ซ่า,เนื้อไก่
ไก่เด้ง,เนื้อไก่
ขนมจีบ,ของทานเล่น
เกี๊ยวซ่าไก่,ของทานเล่น
หมูทรัฟเฟิล,ของทานเล่น
สามชั้นทอดเหล้าจีน,ของทานเล่น
ชีสบอล,ของทานเล่น
เฟรนช์ฟรายส์,ของทานเล่น
คางกุ้งทอด,ของทานเล่น
ลูกชิ้นลาวาไข่ปลา,ลูกชิ้น
ลูกชิ้นลาวาไข่เค็ม,ลูกชิ้น
ลูกชิ้นลาวาไข่กุ้ง,ลูกชิ้น
ลูกชิ้นลาวาชีส,ลูกชิ้น
ลูกชิ้นอ็นหมู,ลูกชิ้น
ลูกชิ้นเอ็นไก่,ลูกชิ้น
ลูกชิ้นปลาหมึก,ลูกชิ้น
ฟองเต้าหู้ซีฟู้ด,อื่นๆ
ปลาดอลลี่,อาหารทะเล
กุ้งสด,อาหารทะเล
หมึกกรอบ,อาหารทะเล
หมึกบั้ง,อาหารทะเล
ฮือก้วยซีฟู้ด,อาหารทะเล
เต้าหู้ไข่,อื่นๆ
ไข่ไก่,ไข่
ข้าวญี่ปุ่น,อื่นๆ
กำหล่ำปลีซอย,ผัก
ผักกาดขาว,ผัก
เนื้อไก่,เนื้อไก่
ผักบุ้ง,ผัก
ผักขึ้นฉ่าย,ผัก
ข้าวโพดอ่อน,ผัก
เห็ดออรินจิ,ผัก
เห็ดเข็มทอง,ผัก
เห็ดหูหนู,ผัก
เห็ดหอม,ผัก
สาหร่ายวากาเมะ,ผัก
ข้าวโพด,ผัก
แครอท,ผัก
หอมหัวใหญ่,ผัก
หมี่หยก,อื่นๆ
หมี่หยกทรัฟเฟิล,อื่นๆ
วุ้นเส้น,อื่นๆ
เส้นบุก,อื่นๆ
มาม่า,อื่นๆ
ไอศกรีม,ของหวาน
น้ำพันช์,เครื่องดื่ม
น้ำส้ม,เครื่องดื่ม
น้ำชาเขียว,เครื่องดื่ม
เป๊ปซี่,เครื่องดื่ม
เซเว่นอัพ,เครื่องดื่ม
มิรินด้า,เครื่องดื่ม
หมู,เนื้อหมู
ไก่,เนื้อไก่
เนื้อ,เนื้อวัว
เนื้อวัว,เนื้อวัว
หมูสันนอก,เนื้อหมู
สันคอหมู,เนื้อหมู
ไก่เกี๊ยวซ่า,เนื้อไก่
น้ำ,เครื่องดื่ม
น้ำเปล่า,เครื่องดื่ม
น้ำดื่ม,เครื่องดื่ม
ไอศกรีม,ของหวาน
เค้ก,ของหวาน
ไอติม,ของหวาน
เกี๊ยวซ่าหมู,เนื้อหมู
หมูเกี๊ยวซ่า,เนื้อหมู
ริบอาย,เนื้อวัว
ใบพาย,เนื้อวัว
น่องลาย,เนื้อวัว
เสือร้องไห้,เนื้อวัว
ผัก,ผัก
ขึ้นฉ่าย,ผัก
สามชั้น,เนื้อหมู
น่องไก่,เนื้อไก่
สะโพกไก่,เนื้อไก่
โครงไก่,เนื้อไก่
ปีกไก่,เนื้อไก่
เนื้อไก่,เนื้อไก่
ไก่,เนื้อไก่
เนื้อริบอาย,เนื้อวัว
ริบอายเนื้อ,เนื้อวัว
อายริบเนื้อ,เนื้อวัว
เนื้ออายริบ,เนื้อวัว
อายเนื้อริบ,เนื้อวัว
เนื้อใบพาย,เนื้อวัว
พายใบเนื้อ,เนื้อวัว
ใบพายเนื้อ,เนื้อวัว
พายเนื้อใบ,เนื้อวัว
ใบเนื้อพาย,เนื้อวัว
เนื้อพายใบ,เนื้อวัว
สันคอหมู,เนื้อหมู
สันหมูคอ,เนื้อหมู
หมูคอสัน,เนื้อหมู
หมูสันคอ,เนื้อหมู
คอหมูสัน,เนื้อหมู
คอสันหมู,เนื้อหมู
สันคอหมูสไลด์,เนื้อหมู
สันหมูคอสไลด์,เนื้อหมู
หมูคอสันสไลด์,เนื้อหมู
หมูสันคอสไลด์,เนื้อหมู
คอหมูสันสไลด์,เนื้อหมู
คอสันหมูสไลด์,เนื้อหมู
สไลด์หมูสันคอ,เนื้อหมู
สไลด์สันหมูคอ,เนื้อหมู
สไลด์คอสันหมู,เนื้อหมู
สไลด์คอหมูสัน,เนื้อหมู
สันนอกหมู,เนื้อหมู
สันหมูนอก,เนื้อหมู
หมูนอกสัน,เนื้อหมู
หมูสันนอก,เนื้อหมู
นอกหมูสัน,เนื้อหมู
นอกสันหมู,เนื้อหมู
สันนอกหมูสไลด์,เนื้อหมู
สันหมูนอกสไลด์,เนื้อหมู
หมูนอกสันสไลด์,เนื้อหมู
หมูสันนอกสไลด์,เนื้อหมู
นอกหมูสันสไลด์,เนื้อหมู
นอกสันหมูสไลด์,เนื้อหมู
สไลด์หมูสันนอก,เนื้อหมู
สไลด์สันหมูนอก,เนื้อหมู
สไลด์นอกสันหมู,เนื้อหมู
สไลด์นอกหมูสัน,เนื้อหมู
หมูหมักงา,เนื้อหมู
หมูงาหมัก,เนื้อหมู
หมักหมูงา,เนื้อหมู
หมักงาหมู,เนื้อหมู
งาหมักหมู,เนื้อหมู
งาหมูหมัก,เนื้อหมู
หมูพริกไทดำ,เนื้อหมู
หมูพริกดำไท,เนื้อหมู
หมูไทดำพริก,เนื้อหมู
หมูไทพริกดำ,เนื้อหมู
หมูดำไทพริก,เนื้อหมู
หมูดำพริกไท,เนื้อหมู
พริกหมูไทดำ,เนื้อหมู
พริกหมูดำไท,เนื้อหมู
พริกไทหมูดำ,เนื้อหมู
พริกไทดำหมู,เนื้อหมู
พริกดำไทหมู,เนื้อหมู
พริกดำหมูไท,เนื้อหมู
หมูพริกไทยดำ,เนื้อหมู
หมูพริกดำไทย,เนื้อหมู
หมูไทยดำพริก,เนื้อหมู
หมูไทยพริกดำ,เนื้อหมู
หมูดำไทยพริก,เนื้อหมู
หมูดำพริกไทย,เนื้อหมู
พริกหมูไทยดำ,เนื้อหมู
พริกหมูดำไทย,เนื้อหมู
พริกไทยหมูดำ,เนื้อหมู
พริกไทยดำหมู,เนื้อหมู
พริกดำไทยหมู,เนื้อหมู
พริกดำหมูไทย,เนื้อหมู
สามชั้นหมูสไลด์,เนื้อหมู
สามหมูชั้นสไลด์,เนื้อหมู
หมูชั้นสามสไลด์,เนื้อหมู
หมูสามชั้นสไลด์,เนื้อหมู
ชั้นหมูสามสไลด์,เนื้อหมู
ชั้นสามหมูสไลด์,เนื้อหมู
สไลด์หมูสามชั้น,เนื้อหมู
สไลด์สามหมูชั้น,เนื้อหมู
สไลด์ชั้นสามหมู,เนื้อหมู
สไลด์ชั้นหมูสาม,เนื้อหมู
สามชั้นหมักงา,เนื้อหมู
สามหมูชั้นหมักงา,เนื้อหมู
หมูชั้นสามหมักงา,เนื้อหมู
หมูสามชั้นหมักงา,เนื้อหมู
ชั้นหมูสามหมักงา,เนื้อหมู
ชั้นสามหมูหมักงา,เนื้อหมู
หมักงาหมูสามชั้น,เนื้อหมู
หมักงาสามหมูชั้น,เนื้อหมู
หมักงาชั้นสามหมู,เนื้อหมู
หมักงาชั้นหมูสาม,เนื้อหมู
หมูเด้ง,เนื้อหมู
เด้งหมู,เนื้อหมู
ตับสไลด์,เนื้อหมู
สไลด์ตับ,เนื้อหมู
อกไก่สไลด์,เนื้อไก่
อกสไลด์ไก่,เนื้อไก่
ไก่สไลด์อก,เนื้อไก่
ไก่อกสไลด์,เนื้อไก่
สไลด์อกไก่,เนื้อไก่
สไลด์ไก่อก,เนื้อไก่
สันในไก่สไลด์,เนื้อไก่
สันในสไลด์ไก่,เนื้อไก่
สันไก่ในสไลด์,เนื้อไก่
สันไก่สไลด์ใน,เนื้อไก่
ในสันไก่สไลด์,เนื้อไก่
ในสันสไลด์ไก่,เนื้อไก่
ในไก่สันสไลด์,เนื้อไก่
ในไก่สไลด์สัน,เนื้อไก่
ไก่สันในสไลด์,เนื้อไก่
ไก่สันสไลด์ใน,เนื้อไก่
ไก่ในสไลด์สัน,เนื้อไก่
ไก่ในสันสไลด์,เนื้อไก่
สไลด์ไก่ในสัน,เนื้อไก่
สไลด์ไก่สันใน,เนื้อไก่
สไลด์สันไก่ใน,เนื้อไก่
สไลด์สันในไก่,เนื้อไก่
กะหล่ำปลีซอย,ผัก
ผักกาดขาว,ผัก
ผักขึ้นฉ่าย,ผัก
ข้าวโพดอ่อน,ผัก
เห็ดออรินจิ,ผัก
เห็ดเข็มทอง,ผัก
เห็ดหูหนู,ผัก
เห็ดหอม,ผัก
สาหร่ายวากาเมะ,ผัก
เผือก,ผัก
แครอท,ผัก
หอมหัวใหญ่,ผัก
ซอยกะหล่ำปลี,ผัก
ขาวผักกาด,ผัก
ขึ้นฉ่าย,ผัก
ข้าวโพด,ผัก
เห็ด,ผัก
ออรินจิ,ผัก
เข็มทอง,ผัก
หูหนู,ผัก
หอม,ผัก
สาหร่าย,ผัก
วากาเมะ,ผัก
หอมหัว,ผัก
กะหล่ำ,ผัก
กะหล่ำปลี,ผัก
ผักกาด,ผัก
ฉ่าย,ผัก
หมี่หยกลวกน้ำมันทรัฟเฟิล,เส้น
วุ้นเส้น,เส้น
เส้นบุก,เส้น
มาม่า,เส้น
หมี่หยก,เส้น
เส้น,เส้น
ไอศกรีมช็อกโกแลต,ของหวาน
ไอศกรีมไมโล,ของหวาน
ไอศกรีมช็อกโกแลตชิพ,ของหวาน
ไอศกรีมวานิลลา,ของหวาน
ไอศกรีมมะนาว,ของหวาน
ไอศกรีมชาเขียว,ของหวาน
ไอศกรีมกะทิ,ของหวาน
ไอศกรีมสตอเบอรี่ ทวิสท์,ของหวาน
ไอศกรีมสตอเบอรี่,ของหวาน
ไอติมช็อกโกแลต,ของหวาน
ไอติมไมโล,ของหวาน
ไอติมช็อกโกแลตชิพ,ของหวาน
ไอติมวานิลลา,ของหวาน
ไอติมมะนาว,ของหวาน
ไอติมชาเขียว,ของหวาน
ไอติมกะทิ,ของหวาน
ไอติมสตอเบอรี่,ของหวาน
ช็อกโกแลต,ของหวาน
ไมโล,ของหวาน
ช็อกโกแลตชิพ,ของหวาน
สตอเบอรี่,ของหวาน
วานิลลา,ของหวาน
น้ำเปล่า,เครื่องดื่ม
น้ำ,เครื่องดื่ม
โค้ก,เครื่องดื่ม
แฟนต้า,เครื่องดื่ม
สไปรท์,เครื่องดื่ม
เป๊ปซี่,เครื่องดื่ม
น้ำพั้นซ์,เครื่องดื่ม
น้ำชาเขียว,เครื่องดื่ม
น้ำฝรั่ง,เครื่องดื่ม
น้ำโค้ก,เครื่องดื่ม
น้ำแฟนต้า,เครื่องดื่ม
น้ำสไปรท์,เครื่องดื่ม
น้ำเป๊ปซี่,เครื่องดื่ม
ลูกชิ้น,ลูกชิ้น
ลูกชิ้นเอ็นเนื้อ,ลูกชิ้น
ลูกชิ้นปลาหมึก,ลูกชิ้น
ลูกชิ้นลาวาไข่กุ้ง,ลูกชิ้น
ลูกชิ้นลาวาไข่ปลา,ลูกชิ้น
ลูกชิ้นลาวาชีส,ลูกชิ้น
ลูกชิ้นครีมซอส,ลูกชิ้น
เอ็นเนื้อลูกชิ้น,ลูกชิ้น
ปลาหมึกลูกชิ้น,ลูกชิ้น
ลาวาไข่กุ้งลูกชิ้น,ลูกชิ้น
ลาวาไข่ปลาลูกชิ้น,ลูกชิ้น
ลาวาชีสลูกชิ้น,ลูกชิ้น
ครีมซอสลูกชิ้น,ลูกชิ้น
ขายสด,ขาย
ขายโอน,ขาย
ขาย,ขาย
ขายมา,ขาย
ขายไป,ขาย
ไปขาย,ขาย
มาขาย,ขาย
